transaction_id,timestamp,customer_id,amount,currency,country,device_id,channel,merchant_category_code,is_injected_fraud,fraud_scenario,rules,risk_score,severity,rule_count
T00061,2026-09-18T02:14:00,C003,3500000,KRW,US,NEW-US-01,card,7995,1,high_amount_new_country_device,HIGH_AMOUNT|AMOUNT_SPIKE|NEW_COUNTRY|NEW_DEVICE|HIGH_RISK_MERCHANT|RAPID_CASHOUT_PATTERN,100,critical,6
T00062,2026-09-18T02:22:00,C003,3000000,KRW,US,NEW-US-01,transfer,4829,1,rapid_cashout,HIGH_AMOUNT|AMOUNT_SPIKE|NEW_COUNTRY|NEW_DEVICE|HIGH_RISK_MERCHANT|RAPID_CASHOUT_PATTERN,100,critical,6
T00063,2026-09-19T12:10:00,C005,120000,KRW,KR,D005A,card,5411,1,velocity_burst,VELOCITY_SPIKE,40,medium,1
T00064,2026-09-19T12:11:00,C005,130000,KRW,KR,D005A,card,5411,1,velocity_burst,VELOCITY_SPIKE,40,medium,1
T00065,2026-09-19T12:12:00,C005,140000,KRW,KR,D005A,card,5411,1,velocity_burst,VELOCITY_SPIKE,40,medium,1
T00066,2026-09-19T12:13:00,C005,150000,KRW,KR,D005A,card,5411,1,velocity_burst,VELOCITY_SPIKE,40,medium,1
T00067,2026-09-19T12:14:00,C005,160000,KRW,KR,D005A,card,5411,1,velocity_burst,VELOCITY_SPIKE,40,medium,1
T00068,2026-09-19T12:15:00,C005,170000,KRW,KR,D005A,card,5411,1,velocity_burst,VELOCITY_SPIKE,40,medium,1
T00069,2026-09-20T15:40:00,C008,2800000,KRW,JP,D008-B,card,6011,1,amount_spike_high_risk_merchant,HIGH_AMOUNT|AMOUNT_SPIKE|NEW_COUNTRY|NEW_DEVICE|HIGH_RISK_MERCHANT,100,critical,5
