transaction_id,timestamp,customer_id,amount,currency,country,device_id,channel,merchant_category_code,is_injected_fraud,fraud_scenario
T00001,2026-09-02T09:15:00,C001,47500,KRW,KR,D001A,transfer,5411,0,
T00002,2026-09-04T10:15:00,C001,50500,KRW,KR,D001A,card,5812,0,
T00003,2026-09-06T11:15:00,C001,53500,KRW,KR,D001A,card,5411,0,
T00004,2026-09-08T12:15:00,C001,56500,KRW,KR,D001A,transfer,5812,0,
T00005,2026-09-10T13:15:00,C001,59500,KRW,KR,D001A,card,5411,0,
T00006,2026-09-12T14:15:00,C001,62500,KRW,KR,D001A,card,5812,0,
T00007,2026-09-03T09:15:00,C002,50000,KRW,KR,D002A,transfer,5411,0,
T00008,2026-09-05T10:15:00,C002,53000,KRW,KR,D002A,card,5812,0,
T00009,2026-09-07T11:15:00,C002,56000,KRW,KR,D002A,card,5411,0,
T00010,2026-09-09T12:15:00,C002,59000,KRW,KR,D002A,transfer,5812,0,
T00011,2026-09-11T13:15:00,C002,62000,KRW,KR,D002A,card,5411,0,
T00012,2026-09-13T14:15:00,C002,65000,KRW,KR,D002A,card,5812,0,
T00013,2026-09-04T09:15:00,C003,52500,KRW,KR,D003A,transfer,5411,0,
T00014,2026-09-06T10:15:00,C003,55500,KRW,KR,D003A,card,5812,0,
T00015,2026-09-08T11:15:00,C003,58500,KRW,KR,D003A,card,5411,0,
T00016,2026-09-10T12:15:00,C003,61500,KRW,KR,D003A,transfer,5812,0,
T00017,2026-09-12T13:15:00,C003,64500,KRW,KR,D003A,card,5411,0,
T00018,2026-09-14T14:15:00,C003,67500,KRW,KR,D003A,card,5812,0,
T00019,2026-09-05T09:15:00,C004,55000,KRW,KR,D004A,transfer,5411,0,
T00020,2026-09-07T10:15:00,C004,58000,KRW,KR,D004A,card,5812,0,
T00021,2026-09-09T11:15:00,C004,61000,KRW,KR,D004A,card,5411,0,
T00022,2026-09-11T12:15:00,C004,64000,KRW,KR,D004A,transfer,5812,0,
T00023,2026-09-13T13:15:00,C004,67000,KRW,KR,D004A,card,5411,0,
T00024,2026-09-15T14:15:00,C004,70000,KRW,KR,D004A,card,5812,0,
T00025,2026-09-06T09:15:00,C005,57500,KRW,KR,D005A,transfer,5411,0,
T00026,2026-09-08T10:15:00,C005,60500,KRW,KR,D005A,card,5812,0,
T00027,2026-09-10T11:15:00,C005,63500,KRW,KR,D005A,card,5411,0,
T00028,2026-09-12T12:15:00,C005,66500,KRW,KR,D005A,transfer,5812,0,
T00029,2026-09-14T13:15:00,C005,69500,KRW,KR,D005A,card,5411,0,
T00030,2026-09-01T14:15:00,C005,72500,KRW,KR,D005A,card,5812,0,
T00031,2026-09-07T09:15:00,C006,60000,KRW,KR,D006A,transfer,5411,0,
T00032,2026-09-09T10:15:00,C006,63000,KRW,KR,D006A,card,5812,0,
T00033,2026-09-11T11:15:00,C006,66000,KRW,KR,D006A,card,5411,0,
T00034,2026-09-13T12:15:00,C006,69000,KRW,KR,D006A,transfer,5812,0,
T00035,2026-09-15T13:15:00,C006,72000,KRW,KR,D006A,card,5411,0,
T00036,2026-09-02T14:15:00,C006,75000,KRW,KR,D006A,card,5812,0,
T00037,2026-09-08T09:15:00,C007,62500,KRW,KR,D007A,transfer,5411,0,
T00038,2026-09-10T10:15:00,C007,65500,KRW,KR,D007A,card,5812,0,
T00039,2026-09-12T11:15:00,C007,68500,KRW,KR,D007A,card,5411,0,
T00040,2026-09-14T12:15:00,C007,71500,KRW,KR,D007A,transfer,5812,0,
T00041,2026-09-01T13:15:00,C007,74500,KRW,KR,D007A,card,5411,0,
T00042,2026-09-03T14:15:00,C007,77500,KRW,KR,D007A,card,5812,0,
T00043,2026-09-09T09:15:00,C008,65000,KRW,KR,D008A,transfer,5411,0,
T00044,2026-09-11T10:15:00,C008,68000,KRW,KR,D008A,card,5812,0,
T00045,2026-09-13T11:15:00,C008,71000,KRW,KR,D008A,card,5411,0,
T00046,2026-09-15T12:15:00,C008,74000,KRW,KR,D008A,transfer,5812,0,
T00047,2026-09-02T13:15:00,C008,77000,KRW,KR,D008A,card,5411,0,
T00048,2026-09-04T14:15:00,C008,80000,KRW,KR,D008A,card,5812,0,
T00049,2026-09-10T09:15:00,C009,67500,KRW,KR,D009A,transfer,5411,0,
T00050,2026-09-12T10:15:00,C009,70500,KRW,KR,D009A,card,5812,0,
T00051,2026-09-14T11:15:00,C009,73500,KRW,KR,D009A,card,5411,0,
T00052,2026-09-01T12:15:00,C009,76500,KRW,KR,D009A,transfer,5812,0,
T00053,2026-09-03T13:15:00,C009,79500,KRW,KR,D009A,card,5411,0,
T00054,2026-09-05T14:15:00,C009,82500,KRW,KR,D009A,card,5812,0,
T00055,2026-09-11T09:15:00,C010,70000,KRW,KR,D010A,transfer,5411,0,
T00056,2026-09-13T10:15:00,C010,73000,KRW,KR,D010A,card,5812,0,
T00057,2026-09-15T11:15:00,C010,76000,KRW,KR,D010A,card,5411,0,
T00058,2026-09-02T12:15:00,C010,79000,KRW,KR,D010A,transfer,5812,0,
T00059,2026-09-04T13:15:00,C010,82000,KRW,KR,D010A,card,5411,0,
T00060,2026-09-06T14:15:00,C010,85000,KRW,KR,D010A,card,5812,0,
T00061,2026-09-18T02:14:00,C003,3500000,KRW,US,NEW-US-01,card,7995,1,high_amount_new_country_device
T00062,2026-09-18T02:22:00,C003,3000000,KRW,US,NEW-US-01,transfer,4829,1,rapid_cashout
T00063,2026-09-19T12:10:00,C005,120000,KRW,KR,D005A,card,5411,1,velocity_burst
T00064,2026-09-19T12:11:00,C005,130000,KRW,KR,D005A,card,5411,1,velocity_burst
T00065,2026-09-19T12:12:00,C005,140000,KRW,KR,D005A,card,5411,1,velocity_burst
T00066,2026-09-19T12:13:00,C005,150000,KRW,KR,D005A,card,5411,1,velocity_burst
T00067,2026-09-19T12:14:00,C005,160000,KRW,KR,D005A,card,5411,1,velocity_burst
T00068,2026-09-19T12:15:00,C005,170000,KRW,KR,D005A,card,5411,1,velocity_burst
T00069,2026-09-20T15:40:00,C008,2800000,KRW,JP,D008-B,card,6011,1,amount_spike_high_risk_merchant
